<?xml version="1.0" encoding="UTF-8"?>

<beans xmlns="http://www.springframework.org/schema/beans"
	xmlns:xsi="http://www.w3.org/2001/XMLSchema-instance" xmlns:context="http://www.springframework.org/schema/context"
	xmlns:webflow="http://www.springframework.org/schema/webflow-config"
	xmlns:mvc="http://www.springframework.org/schema/mvc"
	xsi:schemaLocation="http://www.springframework.org/schema/beans
	http://www.springframework.org/schema/beans/spring-beans-3.0.xsd
	http://www.springframework.org/schema/context
	http://www.springframework.org/schema/context/spring-context-3.0.xsd
	http://www.springframework.org/schema/mvc
	http://www.springframework.org/schema/mvc/spring-mvc-3.0.xsd
        http://www.springframework.org/schema/webflow-config
        http://www.springframework.org/schema/webflow-config/spring-webflow-config-2.0.xsd">

<!-- declare mvc to be annotation driven -->


	<mvc:annotation-driven />

	<context:annotation-config />

	<!-- provide Your Base package to scan annotations for components -->


	<context:component-scan base-package="com.niit" />

	<!-- WebFlow Configuration -->


	<webflow:flow-executor id="flowExecutor" />

	<webflow:flow-registry id="flowRegistry"
		base-path="/WEB-INF" flow-builder-services="flowBuilderServices">

		<!-- here the id is mapped to invoke this flow -->


		<webflow:flow-location id="memberShip" path="/memberShipFlow.xml" />

	</webflow:flow-registry>

	<webflow:flow-builder-services id="flowBuilderServices"
		view-factory-creator="viewFactoryCreator" />


	
	<bean id="viewFactoryCreator"
		class="org.springframework.webflow.mvc.builder.MvcViewFactoryCreator">


		
		<property name="viewResolvers">


			
			<list>

				<ref bean="viewResolver" />

			</list>

		</property>

	</bean>


	
	<bean id="viewResolver"
		class="org.springframework.web.servlet.view.UrlBasedViewResolver">

		<property name="viewClass"
			value="org.springframework.web.servlet.view.JstlView" />

		<property name="prefix" value="/WEB-INF/views/" />

		<property name="suffix" value=".jsp" />

	</bean>


	
	<bean class="org.springframework.webflow.mvc.servlet.FlowHandlerAdapter">

		<property name="flowExecutor" ref="flowExecutor" />

	</bean>


	<bean class="org.springframework.webflow.mvc.servlet.FlowHandlerMapping">

		<property name="flowRegistry" ref="flowRegistry" />

		<property name="order" value="0" />

	</bean>

	<mvc:default-servlet-handler />

	<mvc:resources location="/WEB-INF/resources/" mapping="/resources/**" />

	<mvc:annotation-driven />

</beans>